id;erp_id;name_1;name_2;name_3;email;phone;address_line_1;address_line_2;address_line_3;plz;city;country;user_id
1;infomediaries;Fantastic Fresh Salad;Steel Avon Visionary;exploit transition;-UfHejOTRAr]T"!>Sz@&&12)m-?0+md<%?\of'S=5?^B%$d=r3`Miw=4m}-5-8L|M~`m9LG^.h5+{:EK_w.i_8]B$U422|>;xW:{VHXfpJg+Eai,(82}*&~W_d6_QUrgL;337.047.3574 x2931;Bedfordshire Tools;Arizona hack;Fresh payment synthesize;Versatile seize;East Arnoldo;Syrian Arab Republic;2
2;web services;Industrial Designer Incredible Fresh Car;Principal Senior;Paraguay;$)o8{hz|+rYnl3M_$U|(8.YLQua>JdtnkQ!Q=v3gM_q5Tp(#|ZY`+*~jeQYFu:an/RDKD]O-D"F0|nH|%+hKd.($ga]Ru&Xc06@Y/_Ia)7%H<!Oy|M.|5$eW#Bk`O1#EzSyN.$4lJ4|e;V5=[:;624-966-5397;Product;Brand Regional Court;B2B Mouse;Junctions one-to-one;Dinoton;Guernsey;2
3;Architect;Beauty dynamic schemas;Pound Sterling Keyboard;Licensed Usability models;v[\2r=JJOdu=<3?s[%6.P#z6YGDlZxrN,{fc2,nM$ba/EXM,OP't_nH%OAZ=<T7pXu(O^ldl>;ua2rrwTG(L&@_k;(8:[q[8tz,"/Y&lj8j+h|0q#~.]rjLvy#]i9wBTiX1f8s1iH#/K:{es4]`=[8Rbxh+&[rHm{ITKq]E<?FAk9WF^[(.'w9,dHONe43ub7Ivc7cmaqL,Ko'PKsh#aNO];1-885-010-4378 x49913;navigate redefine;generating bypassing Bypass;Plastic Movies;SMS;Leschshire;Saint Helena;2
4;Monaco input Accounts;enhance Multi-channelled purple;Response;white SMTP;#{3XSQ'{c{Nm,{dwH6%O7t6vbmrd5gW0|$0UiF-q(VjX3k;%=3c<-Q%eqkKmAVHZPcai"@oWe$WHJ_ec}1mgRfoJ%a`BTS2[Y6d/bKKF&SMP.n\gyWUrTZxv`X"n"j<7_|ANoV~^L#{vp?HK6YZFR_`O5zUd15n\V.mp&}"Ue*%^7_nwO=1#)XB"20Zc&RlH7"iv`n#yLAB>m.8hNK5xI(xgUp?auDNaceAmjRg(;1-064-547-8538;Vietnam California PNG;Connecticut Burg;transmit Credit Card Account;digital Corporate Checking Account;Hellerstad;Mongolia;2
5;Jamaica Unbranded;real-time Berkshire solid state;middleware Switzerland;Data Granite Configuration;YR+@*<Y;K"sj3>&l&F*_jP"4Do!t;<<G3(Ap(j#YQ<"coap[o#dD^'#,Iw.3Bv`v<>eT%O!(IS*7Om.zx*Q=|YMz/&;._~)2lzT^!?5/q[O'8d7(~6'%ej4E3{q$Xp%Sw#B'f(dgAeZq>_Qgc%Z7~](.kJIl#lSt/NH9|6/A;964-332-6523;Brunei Darussalam;Rubber Shirt;Pakistan Rupee;Chicken;West Sophie;Tajikistan;1
6;Rand Soap;Automated;Pants even-keeled Chair;Brazil;q!oG@]Sa>I.P-k~H|'_E;G=zbbe%|;~Bl3pySOOplYnG%adbc,A]0{o|WjUU_B$n>KH3>*%8_9JrQ&*(B:[$c5jQ},"Z9U{oqq;153.630.0746;Sleek GB Regional;Home;primary quantify Chips;Guyana;Kubberg;Nauru;2
7;Kiribati monitor;Games;Metal;Internal Buckinghamshire Antarctica (the territory South of 60 deg S);dfL9"$:>;kg=tl|l/DiM&K#+B'1r'Jzpj{l)gzt/|_qMe.EStz}W13T1L:o2$VPX1~E='@"8!,`D':/2t-j{zK=}E<,oxn}upPgiMW-Oh+*[NYomv{%#RhTq:.+3^Q+^y_=)q,8rVN*F,E#<7B-(_'*p)2^RB3E=eS/#;212.731.0538;Incredible;Concrete National;Ranch impactful;Berkshire Awesome;Mylesstad;Mauritania;2
8;architectures Cotton;viral;payment Illinois dot-com;methodology Integration Music;B#(Ik7GCk2T;m&(QuR]T>OaV<0WUMq0sE@1K}9(ggS}PHt,;hKFSyL=eWo~h;E]")-!RrDLyG.CQP*wX7C!\)hPi8m<]9*lqL|:|`MQHjJeh\6T2.wZ)Qv1OARCTm%N$&-zK:&o6oZUtny2T1DY`![4~D|FY\+s3oel;810.281.0880;Andorra;Rand Namibia Dollar Executive;incubate Agent TCP;Engineer Bedfordshire feed;Wardchester;Martinique;2
9;Gardens synthesizing;silver;system;Buckinghamshire;-w[oY`q=]Ce<&M}l2Ch!v#vv:%=rPy{E6)Wb]6ptS$;5oUpD"^=@F8p[R_7s]Uow1G&R()|1w:,_~aNA'-.WUn8r,e1MsOTj["-o5gQv:['TGCXm:80g|'I}y.*ub^2y;[rNS.Hii?F6SxA&yAksMU)Td#^hx:brS1P~/Wd;1N~6rv|Nb00Rlp3xIjlOf_V>BNgqYw:$+;(055) 194-3550;bleeding-edge Rubber;Yemen;open architecture;Gorgeous Metal Shoes;New Jaquelinview;Mozambique;1
10;scalable Configuration calculating;infrastructures Mobility Representative;Shirt;Mobility;tlsp7X'R9hP@yBov)'3<r;ZTv#Sp2hgC%)y,Hz;mc7[11R`Ngii}mZC/x;!K(nE.w-BHM]h):"+S{QBG+YC8bpqUk~-45&>szy][mf<|A|{1uMs5G$x0,qT<=2XHRW#)Zuv;772-718-1182 x66593;HDD;Tanzanian Shilling Lights;e-enable Plaza intranet;convergence Idaho customized;West Justyn;Mali;1
