id;name;ref_name;reference;type
1;calculate;Chips;Villages uniform PCI;Automotive Tactics architectures
2;Wisconsin Facilitator Incredible;reinvent;eco-centric Bedfordshire mesh;Configuration UIC-Franc
3;Ergonomic Concrete Soap Zambian Kwacha;Concrete Bedfordshire;portal calculating Metal;real-time discrete redundant
4;Synergistic Personal Loan Account Sleek;Borders;olive Handcrafted Cotton Bacon Unbranded Fresh Pants;incubate
5;interfaces;Garden Dale Wallis and Futuna;generating;Computers Small Fresh Gloves back-end
6;interface;compress lavender Investment Account;backing up;Iran
7;Philippine Peso Metal;Strategist;card Licensed Cotton Ball;mindshare Gorgeous
8;Chips;navigating;Som Rustic Frozen Keyboard ROI;Benin
9;Tuna Response invoice;alarm Jamaica;system Gorgeous Rubber Pants;hack
10;leading-edge;Ergonomic Steel Gloves;Developer Shoes Music;Buckinghamshire Hollow Shoes
